"source_id","country_code","country_name","tool","dataset","indicator","hs_code","hs_level","period","trade_flow","reporter","partner","unit","data_source_mode","access_datetime","query_url","raw_file","sha256","source_note"
"TM-036-china_exports_bilateral-VAL","036","Australia","ITC Trade Map beta","china_exports_bilateral","VAL","850980","HS6","2020-2025","exports","China (156)","Australia (036)","USD thousand","Direct (D)","2026-09-05T20:06:32+08:00","https://www.trademap.org/api/goods/timeSeries/yearly/byProduct?tradeFlow=E&country=156&partner=036&product=850980&periodFrom=2020&periodTo=2025&directMirror=D&indicator=VAL&page=1&pageSize=10&sortBy=2025&sortDir=desc&hsLevel=6&currency=USD","australia\trade-map\china_exports_to_australia_hs850980_2020-2025_val.json","66e7896003e7ecc79e0f4f5479b13c81951204441ae3e0a453d9b864bf3c4644","General Customs Administration of China; http://www.customs.gov.cn; since 2015"
"TM-036-target_import_imports_by_supplier-VAL","036","Australia","ITC Trade Map beta","target_import_imports_by_supplier","VAL","850980","HS6","2020-2025","imports","Australia (036)","World (000), broken down by supplier","USD thousand","Direct (D)","2026-09-05T20:06:32+08:00","https://www.trademap.org/api/goods/timeSeries/yearly/byPartner?tradeFlow=I&country=036&partner=000&product=850980&periodFrom=2020&periodTo=2025&directMirror=D&indicator=VAL&page=1&pageSize=500&sortBy=2025&sortDir=desc&currency=USD","australia\trade-map\australia_imports_from_world_hs850980_2020-2025_by_supplier_val.json","fa1f74217a9dac4894c1500219067752f3c8faf49b9d6ab3c83fa1a7bbd6363b","Australia Bureau of Statistics; http://www.abs.gov.au; since 2012"
"TM-036-china_exports_bilateral-QTY","036","Australia","ITC Trade Map beta","china_exports_bilateral","QTY","850980","HS6","2020-2025","exports","China (156)","Australia (036)","unit field in each observation, normally Tons","Direct (D)","2026-09-05T20:06:32+08:00","https://www.trademap.org/api/goods/timeSeries/yearly/byProduct?tradeFlow=E&country=156&partner=036&product=850980&periodFrom=2020&periodTo=2025&directMirror=D&indicator=QTY&page=1&pageSize=10&sortBy=2025&sortDir=desc&hsLevel=6","australia\trade-map\china_exports_to_australia_hs850980_2020-2025_qty.json","0c77c996cfaa6aeb6463d5b0951a4bc9e8637a493cc4d96a3fe70a47accc5154","General Customs Administration of China; http://www.customs.gov.cn; since 2015"
"TM-036-target_import_imports_by_supplier-QTY","036","Australia","ITC Trade Map beta","target_import_imports_by_supplier","QTY","850980","HS6","2020-2025","imports","Australia (036)","World (000), broken down by supplier","unit field in each observation, normally Tons","Direct (D)","2026-09-05T20:06:32+08:00","https://www.trademap.org/api/goods/timeSeries/yearly/byPartner?tradeFlow=I&country=036&partner=000&product=850980&periodFrom=2020&periodTo=2025&directMirror=D&indicator=QTY&page=1&pageSize=500&sortBy=2025&sortDir=desc","australia\trade-map\australia_imports_from_world_hs850980_2020-2025_by_supplier_qty.json","8066f1429f01236f8b638710e96b0103f481053db995441a5c26b4d2e41a7147","Australia Bureau of Statistics; http://www.abs.gov.au; since 2012"
"TM-096-china_exports_bilateral-VAL","096","Brunei Darussalam","ITC Trade Map beta","china_exports_bilateral","VAL","850980","HS6","2020-2025","exports","China (156)","Brunei Darussalam (096)","USD thousand","Direct (D)","2026-09-05T20:06:32+08:00","https://www.trademap.org/api/goods/timeSeries/yearly/byProduct?tradeFlow=E&country=156&partner=096&product=850980&periodFrom=2020&periodTo=2025&directMirror=D&indicator=VAL&page=1&pageSize=10&sortBy=2025&sortDir=desc&hsLevel=6&currency=USD","brunei\trade-map\china_exports_to_brunei_hs850980_2020-2025_val.json","3ded3bac2cd2bb22f101d6c1fe7bce86e0f1d4b736fbf2213e1f03b89a7b29b7","General Customs Administration of China; http://www.customs.gov.cn; since 2015"
"TM-096-target_import_imports_by_supplier-VAL","096","Brunei Darussalam","ITC Trade Map beta","target_import_imports_by_supplier","VAL","850980","HS6","2020-2025","imports","Brunei Darussalam (096)","World (000), broken down by supplier","USD thousand","Direct (D)","2026-09-05T20:06:32+08:00","https://www.trademap.org/api/goods/timeSeries/yearly/byPartner?tradeFlow=I&country=096&partner=000&product=850980&periodFrom=2020&periodTo=2025&directMirror=D&indicator=VAL&page=1&pageSize=500&sortBy=2025&sortDir=desc&currency=USD","brunei\trade-map\brunei_imports_from_world_hs850980_2020-2025_by_supplier_val.json","29355df4d4e950152acfb5509e551c9be9aca407115d287bbcf314ea876ebf2e","Ministry of Finance of Economy - Department of Economic Planning and Statistics of Brunei Darussalam; https://deps.mofe.gov.bn/Theme/Home.aspx; since 2015"
"TM-096-china_exports_bilateral-QTY","096","Brunei Darussalam","ITC Trade Map beta","china_exports_bilateral","QTY","850980","HS6","2020-2025","exports","China (156)","Brunei Darussalam (096)","unit field in each observation, normally Tons","Direct (D)","2026-09-05T20:06:32+08:00","https://www.trademap.org/api/goods/timeSeries/yearly/byProduct?tradeFlow=E&country=156&partner=096&product=850980&periodFrom=2020&periodTo=2025&directMirror=D&indicator=QTY&page=1&pageSize=10&sortBy=2025&sortDir=desc&hsLevel=6","brunei\trade-map\china_exports_to_brunei_hs850980_2020-2025_qty.json","60cddb3279cac269e4b0dbf2a4cb40e35902260ca32e232e201c966c7f0d635d","General Customs Administration of China; http://www.customs.gov.cn; since 2015"
"TM-096-target_import_imports_by_supplier-QTY","096","Brunei Darussalam","ITC Trade Map beta","target_import_imports_by_supplier","QTY","850980","HS6","2020-2025","imports","Brunei Darussalam (096)","World (000), broken down by supplier","unit field in each observation, normally Tons","Direct (D)","2026-09-05T20:06:32+08:00","https://www.trademap.org/api/goods/timeSeries/yearly/byPartner?tradeFlow=I&country=096&partner=000&product=850980&periodFrom=2020&periodTo=2025&directMirror=D&indicator=QTY&page=1&pageSize=500&sortBy=2025&sortDir=desc","brunei\trade-map\brunei_imports_from_world_hs850980_2020-2025_by_supplier_qty.json","b771021f2955ee57f5303ac4c646536b1e90db862f9deb7e5a6bff0902d474b7","Ministry of Finance of Economy - Department of Economic Planning and Statistics of Brunei Darussalam; https://deps.mofe.gov.bn/Theme/Home.aspx; since 2015"
"TM-116-china_exports_bilateral-VAL","116","Cambodia","ITC Trade Map beta","china_exports_bilateral","VAL","850980","HS6","2020-2025","exports","China (156)","Cambodia (116)","USD thousand","Direct (D)","2026-09-05T20:06:32+08:00","https://www.trademap.org/api/goods/timeSeries/yearly/byProduct?tradeFlow=E&country=156&partner=116&product=850980&periodFrom=2020&periodTo=2025&directMirror=D&indicator=VAL&page=1&pageSize=10&sortBy=2025&sortDir=desc&hsLevel=6&currency=USD","cambodia\trade-map\china_exports_to_cambodia_hs850980_2020-2025_val.json","5c3b9c98aa8f386e99d8e3cbc24b32c569b6d049cafa33f94d31c6e09942d3bd","General Customs Administration of China; http://www.customs.gov.cn; since 2015"
"TM-116-target_import_imports_by_supplier-VAL","116","Cambodia","ITC Trade Map beta","target_import_imports_by_supplier","VAL","850980","HS6","2020-2025","imports","Cambodia (116)","World (000), broken down by supplier","USD thousand","Direct (D)","2026-09-05T20:06:32+08:00","https://www.trademap.org/api/goods/timeSeries/yearly/byPartner?tradeFlow=I&country=116&partner=000&product=850980&periodFrom=2020&periodTo=2025&directMirror=D&indicator=VAL&page=1&pageSize=500&sortBy=2025&sortDir=desc&currency=USD","cambodia\trade-map\cambodia_imports_from_world_hs850980_2020-2025_by_supplier_val.json","362c0e2ddf24e06d417952d0003e42b36542774b44c46942c64a76b8cdf0d82c","General Department of Customs and Excise of Cambodia; http://www.customs.gov.kh/en_gb/; since 2016"
"TM-116-china_exports_bilateral-QTY","116","Cambodia","ITC Trade Map beta","china_exports_bilateral","QTY","850980","HS6","2020-2025","exports","China (156)","Cambodia (116)","unit field in each observation, normally Tons","Direct (D)","2026-09-05T20:06:32+08:00","https://www.trademap.org/api/goods/timeSeries/yearly/byProduct?tradeFlow=E&country=156&partner=116&product=850980&periodFrom=2020&periodTo=2025&directMirror=D&indicator=QTY&page=1&pageSize=10&sortBy=2025&sortDir=desc&hsLevel=6","cambodia\trade-map\china_exports_to_cambodia_hs850980_2020-2025_qty.json","b4cf46a7a15912f9fc62f91d3e9c6718437c2fecd09e5bb07d7b3c7c51ed995b","General Customs Administration of China; http://www.customs.gov.cn; since 2015"
"TM-116-target_import_imports_by_supplier-QTY","116","Cambodia","ITC Trade Map beta","target_import_imports_by_supplier","QTY","850980","HS6","2020-2025","imports","Cambodia (116)","World (000), broken down by supplier","unit field in each observation, normally Tons","Direct (D)","2026-09-05T20:06:32+08:00","https://www.trademap.org/api/goods/timeSeries/yearly/byPartner?tradeFlow=I&country=116&partner=000&product=850980&periodFrom=2020&periodTo=2025&directMirror=D&indicator=QTY&page=1&pageSize=500&sortBy=2025&sortDir=desc","cambodia\trade-map\cambodia_imports_from_world_hs850980_2020-2025_by_supplier_qty.json","f84a51a3a215f4717c1bf400788775b677507e54a8a5bd17adbf54ffb4c44efb","General Department of Customs and Excise of Cambodia; http://www.customs.gov.kh/en_gb/; since 2016"
"TM-360-china_exports_bilateral-VAL","360","Indonesia","ITC Trade Map beta","china_exports_bilateral","VAL","850980","HS6","2020-2025","exports","China (156)","Indonesia (360)","USD thousand","Direct (D)","2026-09-05T20:06:32+08:00","https://www.trademap.org/api/goods/timeSeries/yearly/byProduct?tradeFlow=E&country=156&partner=360&product=850980&periodFrom=2020&periodTo=2025&directMirror=D&indicator=VAL&page=1&pageSize=10&sortBy=2025&sortDir=desc&hsLevel=6&currency=USD","indonesia\trade-map\china_exports_to_indonesia_hs850980_2020-2025_val.json","30c95e7d31b42bdd39d7a81706c00bcd6b9568f86b1ac88a57968d1a74d5515e","General Customs Administration of China; http://www.customs.gov.cn; since 2015"
"TM-360-target_import_imports_by_supplier-VAL","360","Indonesia","ITC Trade Map beta","target_import_imports_by_supplier","VAL","850980","HS6","2020-2025","imports","Indonesia (360)","World (000), broken down by supplier","USD thousand","Direct (D)","2026-09-05T20:06:32+08:00","https://www.trademap.org/api/goods/timeSeries/yearly/byPartner?tradeFlow=I&country=360&partner=000&product=850980&periodFrom=2020&periodTo=2025&directMirror=D&indicator=VAL&page=1&pageSize=500&sortBy=2025&sortDir=desc&currency=USD","indonesia\trade-map\indonesia_imports_from_world_hs850980_2020-2025_by_supplier_val.json","d20f1d53f113401a2cc58455fddc4be86955c99f7090101c52a22d95654c45a6","BPS-Statistics Indonesia; http://dds.bps.go.id/eng/; since 2015"
"TM-360-china_exports_bilateral-QTY","360","Indonesia","ITC Trade Map beta","china_exports_bilateral","QTY","850980","HS6","2020-2025","exports","China (156)","Indonesia (360)","unit field in each observation, normally Tons","Direct (D)","2026-09-05T20:06:32+08:00","https://www.trademap.org/api/goods/timeSeries/yearly/byProduct?tradeFlow=E&country=156&partner=360&product=850980&periodFrom=2020&periodTo=2025&directMirror=D&indicator=QTY&page=1&pageSize=10&sortBy=2025&sortDir=desc&hsLevel=6","indonesia\trade-map\china_exports_to_indonesia_hs850980_2020-2025_qty.json","636699c2c93609660a452d4af27cbf94af28b3f09db73e8a195f8d58578a7443","General Customs Administration of China; http://www.customs.gov.cn; since 2015"
"TM-360-target_import_imports_by_supplier-QTY","360","Indonesia","ITC Trade Map beta","target_import_imports_by_supplier","QTY","850980","HS6","2020-2025","imports","Indonesia (360)","World (000), broken down by supplier","unit field in each observation, normally Tons","Direct (D)","2026-09-05T20:06:32+08:00","https://www.trademap.org/api/goods/timeSeries/yearly/byPartner?tradeFlow=I&country=360&partner=000&product=850980&periodFrom=2020&periodTo=2025&directMirror=D&indicator=QTY&page=1&pageSize=500&sortBy=2025&sortDir=desc","indonesia\trade-map\indonesia_imports_from_world_hs850980_2020-2025_by_supplier_qty.json","7ccc65ae39d8045a6e77029e9e2be31f8524d9e9c27d69b319a3582b3fd6ed6e","BPS-Statistics Indonesia; http://dds.bps.go.id/eng/; since 2015"
"TM-392-china_exports_bilateral-VAL","392","Japan","ITC Trade Map beta","china_exports_bilateral","VAL","850980","HS6","2020-2025","exports","China (156)","Japan (392)","USD thousand","Direct (D)","2026-09-05T20:06:32+08:00","https://www.trademap.org/api/goods/timeSeries/yearly/byProduct?tradeFlow=E&country=156&partner=392&product=850980&periodFrom=2020&periodTo=2025&directMirror=D&indicator=VAL&page=1&pageSize=10&sortBy=2025&sortDir=desc&hsLevel=6&currency=USD","japan\trade-map\china_exports_to_japan_hs850980_2020-2025_val.json","00d302ea1fb451635433c1ca26a5262e10da8f2eb7012d23a1072c7099478adb","General Customs Administration of China; http://www.customs.gov.cn; since 2015"
"TM-392-target_import_imports_by_supplier-VAL","392","Japan","ITC Trade Map beta","target_import_imports_by_supplier","VAL","850980","HS6","2020-2025","imports","Japan (392)","World (000), broken down by supplier","USD thousand","Direct (D)","2026-09-05T20:06:32+08:00","https://www.trademap.org/api/goods/timeSeries/yearly/byPartner?tradeFlow=I&country=392&partner=000&product=850980&periodFrom=2020&periodTo=2025&directMirror=D&indicator=VAL&page=1&pageSize=500&sortBy=2025&sortDir=desc&currency=USD","japan\trade-map\japan_imports_from_world_hs850980_2020-2025_by_supplier_val.json","157517ac8131c7ed844f2412cc77bf48c7d0086b21ff716ea38cd9dd39772fec","Japanese Ministry of Finance; http://www.customs.go.jp; since 2015"
"TM-392-china_exports_bilateral-QTY","392","Japan","ITC Trade Map beta","china_exports_bilateral","QTY","850980","HS6","2020-2025","exports","China (156)","Japan (392)","unit field in each observation, normally Tons","Direct (D)","2026-09-05T20:06:32+08:00","https://www.trademap.org/api/goods/timeSeries/yearly/byProduct?tradeFlow=E&country=156&partner=392&product=850980&periodFrom=2020&periodTo=2025&directMirror=D&indicator=QTY&page=1&pageSize=10&sortBy=2025&sortDir=desc&hsLevel=6","japan\trade-map\china_exports_to_japan_hs850980_2020-2025_qty.json","4b9ae21f5e2ac53b36a6be38bcd39f21ddafa791064d62fcd06fbf18b6fbf4ca","General Customs Administration of China; http://www.customs.gov.cn; since 2015"
"TM-392-target_import_imports_by_supplier-QTY","392","Japan","ITC Trade Map beta","target_import_imports_by_supplier","QTY","850980","HS6","2020-2025","imports","Japan (392)","World (000), broken down by supplier","unit field in each observation, normally Tons","Direct (D)","2026-09-05T20:06:32+08:00","https://www.trademap.org/api/goods/timeSeries/yearly/byPartner?tradeFlow=I&country=392&partner=000&product=850980&periodFrom=2020&periodTo=2025&directMirror=D&indicator=QTY&page=1&pageSize=500&sortBy=2025&sortDir=desc","japan\trade-map\japan_imports_from_world_hs850980_2020-2025_by_supplier_qty.json","89f997c99c5ecff17d06dc90187d73c89f32644f764a51c663b7024ebed5524c","Japanese Ministry of Finance; http://www.customs.go.jp; since 2015"
"TM-410-china_exports_bilateral-VAL","410","Korea, Republic of","ITC Trade Map beta","china_exports_bilateral","VAL","850980","HS6","2020-2025","exports","China (156)","Korea, Republic of (410)","USD thousand","Direct (D)","2026-09-05T20:06:32+08:00","https://www.trademap.org/api/goods/timeSeries/yearly/byProduct?tradeFlow=E&country=156&partner=410&product=850980&periodFrom=2020&periodTo=2025&directMirror=D&indicator=VAL&page=1&pageSize=10&sortBy=2025&sortDir=desc&hsLevel=6&currency=USD","south-korea\trade-map\china_exports_to_south-korea_hs850980_2020-2025_val.json","16641c445cf9ac08a3966b3071406927e62e39b30256f007bbbc71bfb51fc70e","General Customs Administration of China; http://www.customs.gov.cn; since 2015"
"TM-410-target_import_imports_by_supplier-VAL","410","Korea, Republic of","ITC Trade Map beta","target_import_imports_by_supplier","VAL","850980","HS6","2020-2025","imports","Korea, Republic of (410)","World (000), broken down by supplier","USD thousand","Direct (D)","2026-09-05T20:06:32+08:00","https://www.trademap.org/api/goods/timeSeries/yearly/byPartner?tradeFlow=I&country=410&partner=000&product=850980&periodFrom=2020&periodTo=2025&directMirror=D&indicator=VAL&page=1&pageSize=500&sortBy=2025&sortDir=desc&currency=USD","south-korea\trade-map\south-korea_imports_from_world_hs850980_2020-2025_by_supplier_val.json","06b536890c94a1cad1e8a395f16c25fd092810775eb5cf2ea82e8d1371b8049e","Korea Customs and Trade Development Institute (KCTDI); http://www.kctdi.or.kr; since 2013"
"TM-410-china_exports_bilateral-QTY","410","Korea, Republic of","ITC Trade Map beta","china_exports_bilateral","QTY","850980","HS6","2020-2025","exports","China (156)","Korea, Republic of (410)","unit field in each observation, normally Tons","Direct (D)","2026-09-05T20:06:32+08:00","https://www.trademap.org/api/goods/timeSeries/yearly/byProduct?tradeFlow=E&country=156&partner=410&product=850980&periodFrom=2020&periodTo=2025&directMirror=D&indicator=QTY&page=1&pageSize=10&sortBy=2025&sortDir=desc&hsLevel=6","south-korea\trade-map\china_exports_to_south-korea_hs850980_2020-2025_qty.json","dd3ef94812313c3311e528e583751964f774fb5eaa4e01386da49c1a72e6bb82","General Customs Administration of China; http://www.customs.gov.cn; since 2015"
"TM-410-target_import_imports_by_supplier-QTY","410","Korea, Republic of","ITC Trade Map beta","target_import_imports_by_supplier","QTY","850980","HS6","2020-2025","imports","Korea, Republic of (410)","World (000), broken down by supplier","unit field in each observation, normally Tons","Direct (D)","2026-09-05T20:06:32+08:00","https://www.trademap.org/api/goods/timeSeries/yearly/byPartner?tradeFlow=I&country=410&partner=000&product=850980&periodFrom=2020&periodTo=2025&directMirror=D&indicator=QTY&page=1&pageSize=500&sortBy=2025&sortDir=desc","south-korea\trade-map\south-korea_imports_from_world_hs850980_2020-2025_by_supplier_qty.json","2e4f05e85db4d542602a549cfea3cb9fcbe7a6ebca9730602f2e5003c6724c03","Korea Customs and Trade Development Institute (KCTDI); http://www.kctdi.or.kr; since 2013"
"TM-418-china_exports_bilateral-VAL","418","Lao People's Democratic Republic","ITC Trade Map beta","china_exports_bilateral","VAL","850980","HS6","2020-2025","exports","China (156)","Lao People's Democratic Republic (418)","USD thousand","Direct (D)","2026-09-05T20:06:32+08:00","https://www.trademap.org/api/goods/timeSeries/yearly/byProduct?tradeFlow=E&country=156&partner=418&product=850980&periodFrom=2020&periodTo=2025&directMirror=D&indicator=VAL&page=1&pageSize=10&sortBy=2025&sortDir=desc&hsLevel=6&currency=USD","laos\trade-map\china_exports_to_laos_hs850980_2020-2025_val.json","bcdbf51eded4905b4873bc3b3153463ca3868196c214ff6454b01a3bf60b2a9b","General Customs Administration of China; http://www.customs.gov.cn; since 2015"
"TM-418-target_import_imports_by_supplier-VAL","418","Lao People's Democratic Republic","ITC Trade Map beta","target_import_imports_by_supplier","VAL","850980","HS6","2020-2025","imports","Lao People's Democratic Republic (418)","World (000), broken down by supplier","USD thousand","Direct (D)","2026-09-05T20:06:32+08:00","https://www.trademap.org/api/goods/timeSeries/yearly/byPartner?tradeFlow=I&country=418&partner=000&product=850980&periodFrom=2020&periodTo=2025&directMirror=D&indicator=VAL&page=1&pageSize=500&sortBy=2025&sortDir=desc&currency=USD","laos\trade-map\laos_imports_from_world_hs850980_2020-2025_by_supplier_val.json","77336019351258eeaf03964240d728189872927c622bd6795bad7461f2977faf","Lao Statistics Bureau; https://www.lsb.gov.la/en/home/; since 2019 | UN COMTRADE; http://comtrade.un.org; since 2022"
"TM-418-china_exports_bilateral-QTY","418","Lao People's Democratic Republic","ITC Trade Map beta","china_exports_bilateral","QTY","850980","HS6","2020-2025","exports","China (156)","Lao People's Democratic Republic (418)","unit field in each observation, normally Tons","Direct (D)","2026-09-05T20:06:32+08:00","https://www.trademap.org/api/goods/timeSeries/yearly/byProduct?tradeFlow=E&country=156&partner=418&product=850980&periodFrom=2020&periodTo=2025&directMirror=D&indicator=QTY&page=1&pageSize=10&sortBy=2025&sortDir=desc&hsLevel=6","laos\trade-map\china_exports_to_laos_hs850980_2020-2025_qty.json","6d659eaf934a276eb69644b8a132d1b84f26e88adf1559e85246307451ffd8c9","General Customs Administration of China; http://www.customs.gov.cn; since 2015"
"TM-418-target_import_imports_by_supplier-QTY","418","Lao People's Democratic Republic","ITC Trade Map beta","target_import_imports_by_supplier","QTY","850980","HS6","2020-2025","imports","Lao People's Democratic Republic (418)","World (000), broken down by supplier","unit field in each observation, normally Tons","Direct (D)","2026-09-05T20:06:32+08:00","https://www.trademap.org/api/goods/timeSeries/yearly/byPartner?tradeFlow=I&country=418&partner=000&product=850980&periodFrom=2020&periodTo=2025&directMirror=D&indicator=QTY&page=1&pageSize=500&sortBy=2025&sortDir=desc","laos\trade-map\laos_imports_from_world_hs850980_2020-2025_by_supplier_qty.json","dc773a5446a2133bcbe649d0239d15b9e80a763c24068ca1a79652b1e4e657ec","Lao Statistics Bureau; https://www.lsb.gov.la/en/home/; since 2019 | UN COMTRADE; http://comtrade.un.org; since 2022"
"TM-458-china_exports_bilateral-VAL","458","Malaysia","ITC Trade Map beta","china_exports_bilateral","VAL","850980","HS6","2020-2025","exports","China (156)","Malaysia (458)","USD thousand","Direct (D)","2026-09-05T20:06:32+08:00","https://www.trademap.org/api/goods/timeSeries/yearly/byProduct?tradeFlow=E&country=156&partner=458&product=850980&periodFrom=2020&periodTo=2025&directMirror=D&indicator=VAL&page=1&pageSize=10&sortBy=2025&sortDir=desc&hsLevel=6&currency=USD","malaysia\trade-map\china_exports_to_malaysia_hs850980_2020-2025_val.json","59853796d19bdb59b0fff23f0121224f2d9067bb1bf12844c866d144206a3cd0","General Customs Administration of China; http://www.customs.gov.cn; since 2015"
"TM-458-target_import_imports_by_supplier-VAL","458","Malaysia","ITC Trade Map beta","target_import_imports_by_supplier","VAL","850980","HS6","2020-2025","imports","Malaysia (458)","World (000), broken down by supplier","USD thousand","Direct (D)","2026-09-05T20:06:32+08:00","https://www.trademap.org/api/goods/timeSeries/yearly/byPartner?tradeFlow=I&country=458&partner=000&product=850980&periodFrom=2020&periodTo=2025&directMirror=D&indicator=VAL&page=1&pageSize=500&sortBy=2025&sortDir=desc&currency=USD","malaysia\trade-map\malaysia_imports_from_world_hs850980_2020-2025_by_supplier_val.json","3f83f7b17ef769e9d2e80853bbbfb96437aa7aef6962db46089f15c14235aa32","Department of Statistics Malaysia (DOSM); http://www.statistics.gov.my; since 2015"
"TM-458-china_exports_bilateral-QTY","458","Malaysia","ITC Trade Map beta","china_exports_bilateral","QTY","850980","HS6","2020-2025","exports","China (156)","Malaysia (458)","unit field in each observation, normally Tons","Direct (D)","2026-09-05T20:06:32+08:00","https://www.trademap.org/api/goods/timeSeries/yearly/byProduct?tradeFlow=E&country=156&partner=458&product=850980&periodFrom=2020&periodTo=2025&directMirror=D&indicator=QTY&page=1&pageSize=10&sortBy=2025&sortDir=desc&hsLevel=6","malaysia\trade-map\china_exports_to_malaysia_hs850980_2020-2025_qty.json","eed7e00f3241d3b279bcdc6c9a11e75e1653ac44ed4c39e6f3936303c0b6243a","General Customs Administration of China; http://www.customs.gov.cn; since 2015"
"TM-458-target_import_imports_by_supplier-QTY","458","Malaysia","ITC Trade Map beta","target_import_imports_by_supplier","QTY","850980","HS6","2020-2025","imports","Malaysia (458)","World (000), broken down by supplier","unit field in each observation, normally Tons","Direct (D)","2026-09-05T20:06:32+08:00","https://www.trademap.org/api/goods/timeSeries/yearly/byPartner?tradeFlow=I&country=458&partner=000&product=850980&periodFrom=2020&periodTo=2025&directMirror=D&indicator=QTY&page=1&pageSize=500&sortBy=2025&sortDir=desc","malaysia\trade-map\malaysia_imports_from_world_hs850980_2020-2025_by_supplier_qty.json","086bbff9cfaa01a8bf3f61511a2af8958886c75ce443088fbdcc6e50fc053ab3","Department of Statistics Malaysia (DOSM); http://www.statistics.gov.my; since 2015"
"TM-104-china_exports_bilateral-VAL","104","Myanmar","ITC Trade Map beta","china_exports_bilateral","VAL","850980","HS6","2020-2025","exports","China (156)","Myanmar (104)","USD thousand","Direct (D)","2026-09-05T20:06:32+08:00","https://www.trademap.org/api/goods/timeSeries/yearly/byProduct?tradeFlow=E&country=156&partner=104&product=850980&periodFrom=2020&periodTo=2025&directMirror=D&indicator=VAL&page=1&pageSize=10&sortBy=2025&sortDir=desc&hsLevel=6&currency=USD","myanmar\trade-map\china_exports_to_myanmar_hs850980_2020-2025_val.json","34537f2395ae51a172d672bb6dc370fa8d0c5c619b58174f355a7876aec5f8c3","General Customs Administration of China; http://www.customs.gov.cn; since 2015"
"TM-104-target_import_imports_by_supplier-VAL","104","Myanmar","ITC Trade Map beta","target_import_imports_by_supplier","VAL","850980","HS6","2020-2025","imports","Myanmar (104)","World (000), broken down by supplier","USD thousand","Direct (D)","2026-09-05T20:06:32+08:00","https://www.trademap.org/api/goods/timeSeries/yearly/byPartner?tradeFlow=I&country=104&partner=000&product=850980&periodFrom=2020&periodTo=2025&directMirror=D&indicator=VAL&page=1&pageSize=500&sortBy=2025&sortDir=desc&currency=USD","myanmar\trade-map\myanmar_imports_from_world_hs850980_2020-2025_by_supplier_val.json","da51cd27bcdae919b1ea70d3de0da828f6eb0481b1d5d83f7eeff7cb4f5fe20b","UN COMTRADE; http://comtrade.un.org; since 2010"
"TM-104-china_exports_bilateral-QTY","104","Myanmar","ITC Trade Map beta","china_exports_bilateral","QTY","850980","HS6","2020-2025","exports","China (156)","Myanmar (104)","unit field in each observation, normally Tons","Direct (D)","2026-09-05T20:06:32+08:00","https://www.trademap.org/api/goods/timeSeries/yearly/byProduct?tradeFlow=E&country=156&partner=104&product=850980&periodFrom=2020&periodTo=2025&directMirror=D&indicator=QTY&page=1&pageSize=10&sortBy=2025&sortDir=desc&hsLevel=6","myanmar\trade-map\china_exports_to_myanmar_hs850980_2020-2025_qty.json","ef4189d7434ddec2d4a89b789a492c7af2cc4c7065fe39fd00ed641c5d7a0978","General Customs Administration of China; http://www.customs.gov.cn; since 2015"
"TM-104-target_import_imports_by_supplier-QTY","104","Myanmar","ITC Trade Map beta","target_import_imports_by_supplier","QTY","850980","HS6","2020-2025","imports","Myanmar (104)","World (000), broken down by supplier","unit field in each observation, normally Tons","Direct (D)","2026-09-05T20:06:32+08:00","https://www.trademap.org/api/goods/timeSeries/yearly/byPartner?tradeFlow=I&country=104&partner=000&product=850980&periodFrom=2020&periodTo=2025&directMirror=D&indicator=QTY&page=1&pageSize=500&sortBy=2025&sortDir=desc","myanmar\trade-map\myanmar_imports_from_world_hs850980_2020-2025_by_supplier_qty.json","6b81b53e5fc1d1e711280d942a11528a3dd0b951c3adf77ff3fb0452fe5a714c","UN COMTRADE; http://comtrade.un.org; since 2010"
"TM-554-china_exports_bilateral-VAL","554","New Zealand","ITC Trade Map beta","china_exports_bilateral","VAL","850980","HS6","2020-2025","exports","China (156)","New Zealand (554)","USD thousand","Direct (D)","2026-09-05T20:06:32+08:00","https://www.trademap.org/api/goods/timeSeries/yearly/byProduct?tradeFlow=E&country=156&partner=554&product=850980&periodFrom=2020&periodTo=2025&directMirror=D&indicator=VAL&page=1&pageSize=10&sortBy=2025&sortDir=desc&hsLevel=6&currency=USD","new-zealand\trade-map\china_exports_to_new-zealand_hs850980_2020-2025_val.json","9ff706cc1e8262aaf63d1b6c7e77dad070e732e9ea8052d39b4fd311656baabb","General Customs Administration of China; http://www.customs.gov.cn; since 2015"
"TM-554-target_import_imports_by_supplier-VAL","554","New Zealand","ITC Trade Map beta","target_import_imports_by_supplier","VAL","850980","HS6","2020-2025","imports","New Zealand (554)","World (000), broken down by supplier","USD thousand","Direct (D)","2026-09-05T20:06:32+08:00","https://www.trademap.org/api/goods/timeSeries/yearly/byPartner?tradeFlow=I&country=554&partner=000&product=850980&periodFrom=2020&periodTo=2025&directMirror=D&indicator=VAL&page=1&pageSize=500&sortBy=2025&sortDir=desc&currency=USD","new-zealand\trade-map\new-zealand_imports_from_world_hs850980_2020-2025_by_supplier_val.json","a876c711b1c0598059904929ea5f670eb738bb1423cb386c517d68e6b8a0e283","Statistics New Zealand; http://www.stats.govt.nz; since 2015"
"TM-554-china_exports_bilateral-QTY","554","New Zealand","ITC Trade Map beta","china_exports_bilateral","QTY","850980","HS6","2020-2025","exports","China (156)","New Zealand (554)","unit field in each observation, normally Tons","Direct (D)","2026-09-05T20:06:32+08:00","https://www.trademap.org/api/goods/timeSeries/yearly/byProduct?tradeFlow=E&country=156&partner=554&product=850980&periodFrom=2020&periodTo=2025&directMirror=D&indicator=QTY&page=1&pageSize=10&sortBy=2025&sortDir=desc&hsLevel=6","new-zealand\trade-map\china_exports_to_new-zealand_hs850980_2020-2025_qty.json","09877b856e152e9e2801361332eb531b26c1914ceedbf8435591cf9a7faa4bb5","General Customs Administration of China; http://www.customs.gov.cn; since 2015"
"TM-554-target_import_imports_by_supplier-QTY","554","New Zealand","ITC Trade Map beta","target_import_imports_by_supplier","QTY","850980","HS6","2020-2025","imports","New Zealand (554)","World (000), broken down by supplier","unit field in each observation, normally Tons","Direct (D)","2026-09-05T20:06:32+08:00","https://www.trademap.org/api/goods/timeSeries/yearly/byPartner?tradeFlow=I&country=554&partner=000&product=850980&periodFrom=2020&periodTo=2025&directMirror=D&indicator=QTY&page=1&pageSize=500&sortBy=2025&sortDir=desc","new-zealand\trade-map\new-zealand_imports_from_world_hs850980_2020-2025_by_supplier_qty.json","dd3287d3cf3a298955331784c8c5d0b461d50ff1f65174cbcad7f579cf6062af","Statistics New Zealand; http://www.stats.govt.nz; since 2015"
"TM-608-china_exports_bilateral-VAL","608","Philippines","ITC Trade Map beta","china_exports_bilateral","VAL","850980","HS6","2020-2025","exports","China (156)","Philippines (608)","USD thousand","Direct (D)","2026-09-05T20:06:32+08:00","https://www.trademap.org/api/goods/timeSeries/yearly/byProduct?tradeFlow=E&country=156&partner=608&product=850980&periodFrom=2020&periodTo=2025&directMirror=D&indicator=VAL&page=1&pageSize=10&sortBy=2025&sortDir=desc&hsLevel=6&currency=USD","philippines\trade-map\china_exports_to_philippines_hs850980_2020-2025_val.json","5bf705a337cd1015cb1b5540487b597da2fbb77318b69222a90207bdaeeffb30","General Customs Administration of China; http://www.customs.gov.cn; since 2015"
"TM-608-target_import_imports_by_supplier-VAL","608","Philippines","ITC Trade Map beta","target_import_imports_by_supplier","VAL","850980","HS6","2020-2025","imports","Philippines (608)","World (000), broken down by supplier","USD thousand","Direct (D)","2026-09-05T20:06:32+08:00","https://www.trademap.org/api/goods/timeSeries/yearly/byPartner?tradeFlow=I&country=608&partner=000&product=850980&periodFrom=2020&periodTo=2025&directMirror=D&indicator=VAL&page=1&pageSize=500&sortBy=2025&sortDir=desc&currency=USD","philippines\trade-map\philippines_imports_from_world_hs850980_2020-2025_by_supplier_val.json","09b8ad6e9163a8c3480982466ac33a549b17881c982691b4ab35581ac7d85198","National Statistics Office, Republic of the Philippines; http://www.census.gov.ph; since 2015"
"TM-608-china_exports_bilateral-QTY","608","Philippines","ITC Trade Map beta","china_exports_bilateral","QTY","850980","HS6","2020-2025","exports","China (156)","Philippines (608)","unit field in each observation, normally Tons","Direct (D)","2026-09-05T20:06:32+08:00","https://www.trademap.org/api/goods/timeSeries/yearly/byProduct?tradeFlow=E&country=156&partner=608&product=850980&periodFrom=2020&periodTo=2025&directMirror=D&indicator=QTY&page=1&pageSize=10&sortBy=2025&sortDir=desc&hsLevel=6","philippines\trade-map\china_exports_to_philippines_hs850980_2020-2025_qty.json","0c34b408064b012e13e43e5e997d7c24b1b50ac93dc8e48c4be33f69b70238e3","General Customs Administration of China; http://www.customs.gov.cn; since 2015"
"TM-608-target_import_imports_by_supplier-QTY","608","Philippines","ITC Trade Map beta","target_import_imports_by_supplier","QTY","850980","HS6","2020-2025","imports","Philippines (608)","World (000), broken down by supplier","unit field in each observation, normally Tons","Direct (D)","2026-09-05T20:06:32+08:00","https://www.trademap.org/api/goods/timeSeries/yearly/byPartner?tradeFlow=I&country=608&partner=000&product=850980&periodFrom=2020&periodTo=2025&directMirror=D&indicator=QTY&page=1&pageSize=500&sortBy=2025&sortDir=desc","philippines\trade-map\philippines_imports_from_world_hs850980_2020-2025_by_supplier_qty.json","8bdfce0b5cb10d60ae91102320af4d7911ec5a7e27a45af840402c0a85a3f4e3","National Statistics Office, Republic of the Philippines; http://www.census.gov.ph; since 2015"
"TM-702-china_exports_bilateral-VAL","702","Singapore","ITC Trade Map beta","china_exports_bilateral","VAL","850980","HS6","2020-2025","exports","China (156)","Singapore (702)","USD thousand","Direct (D)","2026-09-05T20:06:32+08:00","https://www.trademap.org/api/goods/timeSeries/yearly/byProduct?tradeFlow=E&country=156&partner=702&product=850980&periodFrom=2020&periodTo=2025&directMirror=D&indicator=VAL&page=1&pageSize=10&sortBy=2025&sortDir=desc&hsLevel=6&currency=USD","singapore\trade-map\china_exports_to_singapore_hs850980_2020-2025_val.json","9e5dd48472cc3a664f9beda63599cd7b568cb4504d3291a39ec58f2365d976d0","General Customs Administration of China; http://www.customs.gov.cn; since 2015"
"TM-702-target_import_imports_by_supplier-VAL","702","Singapore","ITC Trade Map beta","target_import_imports_by_supplier","VAL","850980","HS6","2020-2025","imports","Singapore (702)","World (000), broken down by supplier","USD thousand","Direct (D)","2026-09-05T20:06:32+08:00","https://www.trademap.org/api/goods/timeSeries/yearly/byPartner?tradeFlow=I&country=702&partner=000&product=850980&periodFrom=2020&periodTo=2025&directMirror=D&indicator=VAL&page=1&pageSize=500&sortBy=2025&sortDir=desc&currency=USD","singapore\trade-map\singapore_imports_from_world_hs850980_2020-2025_by_supplier_val.json","a1cbd0190a1e9ed54d5d01404cd49e8b831200ef44f707b7ea61b4484bc151da","IE Singapore; http://www.iesingapore.gov.sg; since 2012"
"TM-702-china_exports_bilateral-QTY","702","Singapore","ITC Trade Map beta","china_exports_bilateral","QTY","850980","HS6","2020-2025","exports","China (156)","Singapore (702)","unit field in each observation, normally Tons","Direct (D)","2026-09-05T20:06:32+08:00","https://www.trademap.org/api/goods/timeSeries/yearly/byProduct?tradeFlow=E&country=156&partner=702&product=850980&periodFrom=2020&periodTo=2025&directMirror=D&indicator=QTY&page=1&pageSize=10&sortBy=2025&sortDir=desc&hsLevel=6","singapore\trade-map\china_exports_to_singapore_hs850980_2020-2025_qty.json","b4189fd43c0056516123bccf86d9501c8da5ec87af1c2797b7ab30e6461f62ae","General Customs Administration of China; http://www.customs.gov.cn; since 2015"
"TM-702-target_import_imports_by_supplier-QTY","702","Singapore","ITC Trade Map beta","target_import_imports_by_supplier","QTY","850980","HS6","2020-2025","imports","Singapore (702)","World (000), broken down by supplier","unit field in each observation, normally Tons","Direct (D)","2026-09-05T20:06:32+08:00","https://www.trademap.org/api/goods/timeSeries/yearly/byPartner?tradeFlow=I&country=702&partner=000&product=850980&periodFrom=2020&periodTo=2025&directMirror=D&indicator=QTY&page=1&pageSize=500&sortBy=2025&sortDir=desc","singapore\trade-map\singapore_imports_from_world_hs850980_2020-2025_by_supplier_qty.json","1eec6dd8d76cf47fa0592414c029d417ac2c43d9d53b5c4c9aa6b7f920cc5982","IE Singapore; http://www.iesingapore.gov.sg; since 2012"
"TM-764-china_exports_bilateral-VAL","764","Thailand","ITC Trade Map beta","china_exports_bilateral","VAL","850980","HS6","2020-2025","exports","China (156)","Thailand (764)","USD thousand","Direct (D)","2026-09-05T20:06:32+08:00","https://www.trademap.org/api/goods/timeSeries/yearly/byProduct?tradeFlow=E&country=156&partner=764&product=850980&periodFrom=2020&periodTo=2025&directMirror=D&indicator=VAL&page=1&pageSize=10&sortBy=2025&sortDir=desc&hsLevel=6&currency=USD","thailand\trade-map\china_exports_to_thailand_hs850980_2020-2025_val.json","e7dca8cb73559f1f259fadf804938d4d5c5b5abf5bc9696dfeb1f87083e976d2","General Customs Administration of China; http://www.customs.gov.cn; since 2015"
"TM-764-target_import_imports_by_supplier-VAL","764","Thailand","ITC Trade Map beta","target_import_imports_by_supplier","VAL","850980","HS6","2020-2025","imports","Thailand (764)","World (000), broken down by supplier","USD thousand","Direct (D)","2026-09-05T20:06:32+08:00","https://www.trademap.org/api/goods/timeSeries/yearly/byPartner?tradeFlow=I&country=764&partner=000&product=850980&periodFrom=2020&periodTo=2025&directMirror=D&indicator=VAL&page=1&pageSize=500&sortBy=2025&sortDir=desc&currency=USD","thailand\trade-map\thailand_imports_from_world_hs850980_2020-2025_by_supplier_val.json","8af489a54b5c0ddfef309279cc04213e389304fb53095232f4c1f66a77b737b4","The customs department of the kingdom of Thailand; http://www.customs.go.th/; since 2015"
"TM-764-china_exports_bilateral-QTY","764","Thailand","ITC Trade Map beta","china_exports_bilateral","QTY","850980","HS6","2020-2025","exports","China (156)","Thailand (764)","unit field in each observation, normally Tons","Direct (D)","2026-09-05T20:06:32+08:00","https://www.trademap.org/api/goods/timeSeries/yearly/byProduct?tradeFlow=E&country=156&partner=764&product=850980&periodFrom=2020&periodTo=2025&directMirror=D&indicator=QTY&page=1&pageSize=10&sortBy=2025&sortDir=desc&hsLevel=6","thailand\trade-map\china_exports_to_thailand_hs850980_2020-2025_qty.json","0c9991433b4298ffded72960c944587eb1338afecc9e77d8c9bd31740490c3aa","General Customs Administration of China; http://www.customs.gov.cn; since 2015"
"TM-764-target_import_imports_by_supplier-QTY","764","Thailand","ITC Trade Map beta","target_import_imports_by_supplier","QTY","850980","HS6","2020-2025","imports","Thailand (764)","World (000), broken down by supplier","unit field in each observation, normally Tons","Direct (D)","2026-09-05T20:06:32+08:00","https://www.trademap.org/api/goods/timeSeries/yearly/byPartner?tradeFlow=I&country=764&partner=000&product=850980&periodFrom=2020&periodTo=2025&directMirror=D&indicator=QTY&page=1&pageSize=500&sortBy=2025&sortDir=desc","thailand\trade-map\thailand_imports_from_world_hs850980_2020-2025_by_supplier_qty.json","f225ceb7349fce049c96095f888dd6c9998173c6e428430fc452099f00b9f984","The customs department of the kingdom of Thailand; http://www.customs.go.th/; since 2015"
"TM-704-china_exports_bilateral-VAL","704","Viet Nam","ITC Trade Map beta","china_exports_bilateral","VAL","850980","HS6","2020-2025","exports","China (156)","Viet Nam (704)","USD thousand","Direct (D)","2026-09-05T20:06:32+08:00","https://www.trademap.org/api/goods/timeSeries/yearly/byProduct?tradeFlow=E&country=156&partner=704&product=850980&periodFrom=2020&periodTo=2025&directMirror=D&indicator=VAL&page=1&pageSize=10&sortBy=2025&sortDir=desc&hsLevel=6&currency=USD","vietnam\trade-map\china_exports_to_vietnam_hs850980_2020-2025_val.json","afb13c5410bb840c650527c6d610356a2204080c63c4712ba2bb0f2eb53215ca","General Customs Administration of China; http://www.customs.gov.cn; since 2015"
"TM-704-target_import_imports_by_supplier-VAL","704","Viet Nam","ITC Trade Map beta","target_import_imports_by_supplier","VAL","850980","HS6","2020-2025","imports","Viet Nam (704)","World (000), broken down by supplier","USD thousand","Direct (D)","2026-09-05T20:06:32+08:00","https://www.trademap.org/api/goods/timeSeries/yearly/byPartner?tradeFlow=I&country=704&partner=000&product=850980&periodFrom=2020&periodTo=2025&directMirror=D&indicator=VAL&page=1&pageSize=500&sortBy=2025&sortDir=desc&currency=USD","vietnam\trade-map\vietnam_imports_from_world_hs850980_2020-2025_by_supplier_val.json","dd6d7fc444ed31b0be4a0144202712a9024c7d4416989bb6ce51fe3e86822ce3","UN COMTRADE; http://comtrade.un.org; since 2001 | Association of Southeast Asian Nations (ASEAN); https://asean.org; since 2022"
"TM-704-china_exports_bilateral-QTY","704","Viet Nam","ITC Trade Map beta","china_exports_bilateral","QTY","850980","HS6","2020-2025","exports","China (156)","Viet Nam (704)","unit field in each observation, normally Tons","Direct (D)","2026-09-05T20:06:32+08:00","https://www.trademap.org/api/goods/timeSeries/yearly/byProduct?tradeFlow=E&country=156&partner=704&product=850980&periodFrom=2020&periodTo=2025&directMirror=D&indicator=QTY&page=1&pageSize=10&sortBy=2025&sortDir=desc&hsLevel=6","vietnam\trade-map\china_exports_to_vietnam_hs850980_2020-2025_qty.json","47f1988c4e601be11abf44979b1e575d00e7df6e34cb845e549e6ccbe470e5b7","General Customs Administration of China; http://www.customs.gov.cn; since 2015"
"TM-704-target_import_imports_by_supplier-QTY","704","Viet Nam","ITC Trade Map beta","target_import_imports_by_supplier","QTY","850980","HS6","2020-2025","imports","Viet Nam (704)","World (000), broken down by supplier","unit field in each observation, normally Tons","Direct (D)","2026-09-05T20:06:32+08:00","https://www.trademap.org/api/goods/timeSeries/yearly/byPartner?tradeFlow=I&country=704&partner=000&product=850980&periodFrom=2020&periodTo=2025&directMirror=D&indicator=QTY&page=1&pageSize=500&sortBy=2025&sortDir=desc","vietnam\trade-map\vietnam_imports_from_world_hs850980_2020-2025_by_supplier_qty.json","e57212bc90dffdd11eda11a1182016721375c48cc42091b79f42bfb6cc266bf5","UN COMTRADE; http://comtrade.un.org; since 2001 | Association of Southeast Asian Nations (ASEAN); https://asean.org; since 2022"
"TM-000-china_exports_world_by_destination-VAL","000","World","ITC Trade Map beta","china_exports_world_by_destination","VAL","850980","HS6","2020-2025","exports","China (156)","World (000)","USD thousand","Direct (D)","2026-09-05T20:06:32+08:00","https://www.trademap.org/api/goods/timeSeries/yearly/byPartner?tradeFlow=E&country=156&partner=000&product=850980&periodFrom=2020&periodTo=2025&directMirror=D&indicator=VAL&page=1&pageSize=500&sortBy=2025&sortDir=desc&currency=USD","_shared\china_exports_to_world_hs850980_2020-2025_by_destination_val.json","67978877ecf6fe490c41b52b24ba2e35f7a0ae2fe9b64c6e936060f7c0f561b2","General Customs Administration of China; http://www.customs.gov.cn; since 2015"
"TM-000-china_exports_world_by_destination-QTY","000","World","ITC Trade Map beta","china_exports_world_by_destination","QTY","850980","HS6","2020-2025","exports","China (156)","World (000)","unit field in each observation, normally Tons","Direct (D)","2026-09-05T20:06:32+08:00","https://www.trademap.org/api/goods/timeSeries/yearly/byPartner?tradeFlow=E&country=156&partner=000&product=850980&periodFrom=2020&periodTo=2025&directMirror=D&indicator=QTY&page=1&pageSize=500&sortBy=2025&sortDir=desc","_shared\china_exports_to_world_hs850980_2020-2025_by_destination_qty.json","8ff9d63eed99e38a589e37e3b0d4ca76a88dbc755203b15bd03dc2a73c8252be","General Customs Administration of China; http://www.customs.gov.cn; since 2015"
